[
  {
    "icon": "fa fa-home",
    "slug": "external",
    "title": "Volver al inicio",
    "path": "index.html"
  },
  { 
    "id": 1,
    "icon": "fa fa-play-circle",
    "slug": "introduccion",
    "title": "Introducción",
    "breadcrumb": ["Inicio","introduccion"],
    "path": "pages/introduccion.html"
  }, 
  { 
    "id": 2,
    "icon": "fa fa-play-circle",
    "slug": "tema-1",
    "title": "1. Microfinanzas",
    "breadcrumb": ["Inicio","tema 1"],
    "path": "pages/tema-1.html",
    "submenu": [
      {
        "icon": "fa fa-file-text-o",
        "slug": "tema-1",
        "title": "1.1 Contexto regional",
        "anchor": "tema-11"
      },
      {
        "icon": "fa fa-file-text-o",
        "slug": "tema-1",
        "title": "1.2 Sistema microfinanciero colombiano",
        "anchor": "tema-12"
      },
      {
        "icon": "fa fa-file-text-o",
        "slug": "tema-1",
        "title": "1.3 Historia y su relevancia",
        "anchor": "tema-13"
      }
    ]
  },
  { 
    "id": 3,
    "icon": "fa fa-play-circle",
    "slug": "tema-2",
    "title": "2. Microempresa",
    "breadcrumb": ["Inicio","tema 2"],
    "path": "pages/tema-2.html",
    "submenu": [
      {
        "icon": "fa fa-file-text-o",
        "slug": "tema-2",
        "title": "2.1 Tipos y características",
        "anchor": "tema-21"
      },
      {
        "icon": "fa fa-file-text-o",
        "slug": "tema-2",
        "title": "2.2 Marco legal",
        "anchor": "tema-22"
      }
    ]
  },
  { 
    "id": 4,
    "icon": "fa fa-file-text-o",
    "slug": "tema-3",
    "title": "3. Microcrédito",
    "breadcrumb": ["Inicio","tema 3"],
    "path": "pages/tema-3.html",
    "submenu": [
      {
        "icon": "fa fa-file-text-o",
        "slug": "tema-3",
        "title": "3.1 Características",
        "anchor": "tema-31"
      },
      {
        "icon": "fa fa-file-text-o",
        "slug": "tema-3",
        "title": "3.2 Tipos de microcrédito",
        "anchor": "tema-32"
      },
      {
        "icon": "fa fa-file-text-o",
        "slug": "tema-3",
        "title": "3.3 Requisitos",
        "anchor": "tema-33"
      },
      {
        "icon": "fa fa-play-circle",
        "slug": "tema-3",
        "title": "3.4 Comisión",
        "anchor": "tema-34"
      },
      {
        "icon": "fa fa-file-text-o",
        "slug": "tema-3",
        "title": "3.5 Honorarios",
        "anchor": "tema-35"
      },
      {
        "icon": "fa fa-file-text-o",
        "slug": "tema-3",
        "title": "3.6 Monto",
        "anchor": "tema-36"
      },
      {
        "icon": "fa fa-file-text-o",
        "slug": "tema-3",
        "title": "3.7 Plazo",
        "anchor": "tema-37"
      },
      {
        "icon": "fa fa-file-text-o",
        "slug": "tema-3",
        "title": "3.8 Tasa",
        "anchor": "tema-38"
      },
      {
        "icon": "fa fa-file-text-o",
        "slug": "tema-3",
        "title": "3.9 Cuota",
        "anchor": "tema-39"
      },
      {
        "icon": "fa fa-file-text-o",
        "slug": "tema-3",
        "title": "3.10 Ventajas del microcrédito",
        "anchor": "tema-310"
      },
      {
        "icon": "fa fa-file-text-o",
        "slug": "tema-3",
        "title": "3.11 Desventajas del microcrédito",
        "anchor": "tema-311"
      }
    ]
  }
]